{
    "epoch": 10.0,
    "eval_accuracy": 0.9920809624676385,
    "eval_f1": 0.9109351118521607,
    "eval_loss": 0.03343106061220169,
    "eval_precision": 0.8980821917808219,
    "eval_recall": 0.924161263039188,
    "eval_runtime": 2.4379,
    "eval_samples": 300,
    "eval_samples_per_second": 123.056,
    "eval_steps_per_second": 1.231
}